{
    "rmse": 0.7051171221948234,
    "mae": 0.5623187132129257,
    "r2": 0.2095231829368266
}